,contacts,description,id,keywords,links,methodologies,next_release,qmi,related_datasets,release_frequency,state,title,national_statistic,type,publications,unit_of_measure,license
0,"[{'email': 'qualityoflife@ons.gov.uk', 'name': 'Jackie Massaya', 'telephone': '+44 1633560287'}]","Seasonally and non seasonally-adjusted quarterly estimates of life satisfaction, worthwhile, happiness and anxiety in the UK.",wellbeing-quarterly,['well-being'],"{'editions': {'href': 'https://api.beta.ons.gov.uk/v1/datasets/wellbeing-quarterly/editions'}, 'latest_version': {'href': 'https://api.beta.ons.gov.uk/v1/datasets/wellbeing-quarterly/editions/time-series/versions/4', 'id': '4'}, 'self': {'href': 'https://api.beta.ons.gov.uk/v1/datasets/wellbeing-quarterly'}, 'taxonomy': {'href': 'https://api.beta.ons.gov.uk/v1/peoplepopulationandcommunity/wellbeing'}}","[{'href': 'https://www.ons.gov.uk/peoplepopulationandcommunity/wellbeing/methodologies/personalwellbeingquarterlyestimatestechnicalreport', 'title': 'Personal well-being quarterly estimates technical report'}]",TBD,{},"[{'href': 'https://www.ons.gov.uk/peoplepopulationandcommunity/wellbeing/bulletins/personalandeconomicwellbeingintheuk/latest', 'title': 'Personal and economic well-being in the UK'}]",Quarterly,published,Quarterly personal well-being estimates,,,,,
1,"[{'email': 'QualityOfLife@ons.gov.uk', 'name': 'Mark Hamilton', 'telephone': '+44 (0)1633 455044'}]","Estimates of life satisfaction, worthwhile, happiness and anxiety at the UK, country and local authority level.",wellbeing-local-authority,['well-being'],"{'editions': {'href': 'https://api.beta.ons.gov.uk/v1/datasets/wellbeing-local-authority/editions'}, 'latest_version': {'href': 'https://api.beta.ons.gov.uk/v1/datasets/wellbeing-local-authority/editions/time-series/versions/2', 'id': '2'}, 'self': {'href': 'https://api.beta.ons.gov.uk/v1/datasets/wellbeing-local-authority'}, 'taxonomy': {'href': 'https://api.beta.ons.gov.uk/v1/peoplepopulationandcommunity/wellbeing'}}",,TBC,{'href': 'https://www.ons.gov.uk/peoplepopulationandcommunity/wellbeing/methodologies/personalwellbeingintheukqmi'},"[{'href': 'https://www.ons.gov.uk/peoplepopulationandcommunity/wellbeing/bulletins/measuringnationalwellbeing/april2019tomarch2020', 'title': 'Personal well-being in the UK: April 2019 to March 2020'}]",Annual,published,Personal well-being estimates by local authority,TRUE,,,,
2,"[{'email': 'health.data@ons.gov.uk', 'name': 'Sarah Caul', 'telephone': '+44 1633 456 490'}]","Provisional counts of the number of deaths registered in England and Wales, by region, in the latest weeks for which data are available.",weekly-deaths-region,"['Deaths', 'weekly deaths']","{'editions': {'href': 'https://api.beta.ons.gov.uk/v1/datasets/weekly-deaths-region/editions'}, 'latest_version': {'href': 'https://api.beta.ons.gov.uk/v1/datasets/weekly-deaths-region/editions/covid-19/versions/103', 'id': '103'}, 'self': {'href': 'https://api.beta.ons.gov.uk/v1/datasets/weekly-deaths-region'}, 'taxonomy': {'href': 'https://api.beta.ons.gov.uk/v1/peoplepopulationandcommunity/birthsdeathsandmarriages/deaths'}}",,20-Sep-22,{'href': 'https://www.ons.gov.uk/peoplepopulationandcommunity/birthsdeathsandmarriages/deaths/methodologies/mortalitystatisticsinenglandandwalesqmi'},,Weekly,published,Deaths registered weekly in England and Wales by region,TRUE,,,,
3,"[{'email': 'health.data@ons.gov.uk', 'name': 'Sarah Caul', 'telephone': '+44 1633 456490'}]","Provisional counts of the number of deaths registered in England and Wales, including deaths involving the coronavirus (COVID-19), by local authority, health board and place of death in the latest weeks for which data are available.",weekly-deaths-local-authority,"['Deaths', 'weekly deaths']","{'editions': {'href': 'https://api.beta.ons.gov.uk/v1/datasets/weekly-deaths-local-authority/editions'}, 'latest_version': {'href': 'https://api.beta.ons.gov.uk/v1/datasets/weekly-deaths-local-authority/editions/2021/versions/65', 'id': '65'}, 'self': {'href': 'https://api.beta.ons.gov.uk/v1/datasets/weekly-deaths-local-authority'}, 'taxonomy': {'href': 'https://api.beta.ons.gov.uk/v1/peoplepopulationandcommunity/birthsdeathsandmarriages/deaths'}}",,20-Sep-22,{'href': 'https://www.ons.gov.uk/peoplepopulationandcommunity/birthsdeathsandmarriages/deaths/methodologies/mortalitystatisticsinenglandandwalesqmi'},,Weekly,published,Death registrations and occurrences by local authority and place of death,TRUE,,,,
4,"[{'email': 'health.data@ons.gov.uk', 'name': 'Sarah Caul', 'telephone': '+44 1633 456 490'}]","Provisional counts of the number of deaths registered in Wales, by health board and place of death, in the latest weeks for which data are available.",weekly-deaths-health-board,"['Deaths', 'weekly deaths']","{'editions': {'href': 'https://api.beta.ons.gov.uk/v1/datasets/weekly-deaths-health-board/editions'}, 'latest_version': {'href': 'https://api.beta.ons.gov.uk/v1/datasets/weekly-deaths-health-board/editions/2021/versions/65', 'id': '65'}, 'self': {'href': 'https://api.beta.ons.gov.uk/v1/datasets/weekly-deaths-health-board'}, 'taxonomy': {'href': 'https://api.beta.ons.gov.uk/v1/peoplepopulationandcommunity/birthsdeathsandmarriages/deaths'}}",,20-Sep-22,{'href': 'https://www.ons.gov.uk/peoplepopulationandcommunity/birthsdeathsandmarriages/deaths/methodologies/mortalitystatisticsinenglandandwalesqmi'},,Weekly,published,Death registrations and occurrences by health board and place of death,TRUE,,,,
5,"[{'email': 'health.data@ons.gov.uk', 'name': 'Sarah Caul', 'telephone': '+44 1633 456 490'}]","Provisional counts of the number of deaths registered in England and Wales, by age and sex, in the latest weeks for which data are available.",weekly-deaths-age-sex,"['Deaths', 'weekly deaths']","{'editions': {'href': 'https://api.beta.ons.gov.uk/v1/datasets/weekly-deaths-age-sex/editions'}, 'latest_version': {'href': 'https://api.beta.ons.gov.uk/v1/datasets/weekly-deaths-age-sex/editions/covid-19/versions/103', 'id': '103'}, 'self': {'href': 'https://api.beta.ons.gov.uk/v1/datasets/weekly-deaths-age-sex'}, 'taxonomy': {'href': 'https://api.beta.ons.gov.uk/v1/peoplepopulationandcommunity/birthsdeathsandmarriages/deaths'}}",,20-Sep-22,{'href': 'https://www.ons.gov.uk/peoplepopulationandcommunity/birthsdeathsandmarriages/deaths/methodologies/mortalitystatisticsinenglandandwalesqmi'},,Weekly,published,Deaths registered weekly in England and Wales by age and sex,TRUE,,,,
6,"[{'email': 'faster.indicators@ons.gov.uk', 'name': ""Emelia D'Silva-Parker"", 'telephone': '+44 1633 455120'}]",These data series are experimental faster indicators for monitoring UK spending using debit and credit cards.,uk-spending-on-cards,,"{'editions': {'href': 'https://api.beta.ons.gov.uk/v1/datasets/uk-spending-on-cards/editions'}, 'latest_version': {'href': 'https://api.beta.ons.gov.uk/v1/datasets/uk-spending-on-cards/editions/time-series/versions/45', 'id': '45'}, 'self': {'href': 'https://api.beta.ons.gov.uk/v1/datasets/uk-spending-on-cards'}, 'taxonomy': {'href': 'https://api.beta.ons.gov.uk/v1/economy/economicoutputandproductivity/productivitymeasures'}}",,15-Sep-22,{'href': 'https://www.bankofengland.co.uk/payment-and-settlement/chaps-faster-indicator'},,Weekly,published,UK spending on credit and debit cards,,filterable,,,
7,"[{'email': 'idbras@ons.gov.uk', 'name': 'Becky Shaw', 'telephone': '+44 1633 456902'}]","The data contained in these tables are numbers of enterprises and local units produced from a snapshot of the Inter-Departmental Business Register (IDBR) taken on 12 March 2021. This dataset contains details of the number of VAT and/or PAYE based enterprises and local units in districts, counties and unitary authorities within region and country by broad industry group.",uk-business-by-enterprises-and-local-units,"['enterprises', 'local units,IDBR,business counts,Inter-Departmental Business Register']","{'editions': {'href': 'https://api.beta.ons.gov.uk/v1/datasets/uk-business-by-enterprises-and-local-units/editions'}, 'latest_version': {'href': 'https://api.beta.ons.gov.uk/v1/datasets/uk-business-by-enterprises-and-local-units/editions/2021/versions/1', 'id': '1'}, 'self': {'href': 'https://api.beta.ons.gov.uk/v1/datasets/uk-business-by-enterprises-and-local-units'}, 'taxonomy': {'href': 'https://api.beta.ons.gov.uk/v1/businessindustryandtrade/business/businessservices'}}",,To be announced,{'href': 'https://www.ons.gov.uk/businessindustryandtrade/business/activitysizeandlocation/methodologies/ukbusinessactivitysizeandlocationqmi'},,Annual,published,"UK Business: Activity, Size and Location",,filterable,"[{'href': 'https://www.ons.gov.uk/businessindustryandtrade/business/activitysizeandlocation', 'title': 'UK Business: Activity, Size and Location'}]",Count,
8,"[{'email': 'faster.indicators@ons.gov.uk', 'name': ""Emelia D'Silva-Parker"", 'telephone': '+44 1633 455120'}]",Experimental dataset for business indices covering the UK as part of the real-time indicators release to help better understand economic activity and social change in the UK.,traffic-camera-activity,,"{'editions': {'href': 'https://api.beta.ons.gov.uk/v1/datasets/traffic-camera-activity/editions'}, 'latest_version': {'href': 'https://api.beta.ons.gov.uk/v1/datasets/traffic-camera-activity/editions/time-series/versions/51', 'id': '51'}, 'self': {'href': 'https://api.beta.ons.gov.uk/v1/datasets/traffic-camera-activity'}, 'taxonomy': {'href': 'https://api.beta.ons.gov.uk/v1/businessindustryandtrade/business/activitysizeandlocation'}}",,08-Sep-22,{'href': 'https://datasciencecampus.ons.gov.uk/projects/estimating-vehicle-and-pedestrian-activity-from-town-and-city-traffic-cameras/'},,Weekly,published,Traffic Camera Activity,,filterable,,,
9,"[{'email': 'trade@ons.gov.uk', 'name': 'Hannah Donnarumma', 'telephone': '+44 (0)1329 447648'}]","Country by commodity data on the UK's trade in goods, including trade by all countries and selected commodities, exports and imports, non seasonally adjusted.",trade,['trade'],"{'editions': {'href': 'https://api.beta.ons.gov.uk/v1/datasets/trade/editions'}, 'latest_version': {'href': 'https://api.beta.ons.gov.uk/v1/datasets/trade/editions/time-series/versions/24', 'id': '24'}, 'self': {'href': 'https://api.beta.ons.gov.uk/v1/datasets/trade'}, 'taxonomy': {'href': 'https://api.beta.ons.gov.uk/v1/businessindustryandtrade/internationaltrade'}}",,12-Oct-22,{'href': 'https://www.ons.gov.uk/economy/nationalaccounts/balanceofpayments/methodologies/uktradeqmi'},,Monthly,published,Trade in goods: country by commodity,,,,£million,
10,"[{'email': 'hie@ons.gov.uk', 'name': ""Jeena O'Neill"", 'telephone': '01633 456651'}]","Estimates of mean and median annual incomes in the UK, by quintile groups.
The redistribution effects on individuals of direct and indirect taxation and benefits received in cash or kind.",tax-benefits-statistics,,"{'editions': {'href': 'https://api.beta.ons.gov.uk/v1/datasets/tax-benefits-statistics/editions'}, 'latest_version': {'href': 'https://api.beta.ons.gov.uk/v1/datasets/tax-benefits-statistics/editions/time-series/versions/2', 'id': '2'}, 'self': {'href': 'https://api.beta.ons.gov.uk/v1/datasets/tax-benefits-statistics'}, 'taxonomy': {'href': 'https://api.beta.ons.gov.uk/v1/economy/governmentpublicsectorandtaxes/taxesandrevenue'}}",,TBA,{'href': 'https://www.ons.gov.uk/peoplepopulationandcommunity/personalandhouseholdfinances/incomeandwealth/methodologies/theeffectsoftaxesandbenefitsonukhouseholdincome'},,Annual,published,Effects of Taxes and Benefits on Household Income,,,,,
11,"[{'email': 'health.data@ons.gov.uk', 'name': 'Rabiya Nasir, Emyr John and David Mais', 'telephone': '+44 1633 456501'}]","Number of suicides by local authority in England and Wales, registered from 2001.

If you are struggling to cope, please call Samaritans for free on 116 123 (UK and ROI) or contact other sources of support, such as those listed on the NHS’s help for suicidal thoughts webpage. Support is available round the clock, every single day of the year, providing a safe place for anyone struggling to cope, whoever they are, however they feel, whatever life has done to them.",suicides-in-the-uk,"['suicide', 'mortality']","{'editions': {'href': 'https://api.beta.ons.gov.uk/v1/datasets/suicides-in-the-uk/editions'}, 'latest_version': {'href': 'https://api.beta.ons.gov.uk/v1/datasets/suicides-in-the-uk/editions/2021/versions/1', 'id': '1'}, 'self': {'href': 'https://api.beta.ons.gov.uk/v1/datasets/suicides-in-the-uk'}, 'taxonomy': {'href': 'https://api.beta.ons.gov.uk/v1/peoplepopulationandcommunity/birthsdeathsandmarriages/deaths'}}","[{'href': 'https://www.samaritans.org/', 'title': 'Samaritans'}, {'href': 'https://www.nhs.uk/mental-health/feelings-symptoms-behaviours/behaviours/help-for-suicidal-thoughts/', 'title': 'Help for suicidal thoughts'}]",To be announced,{'href': 'https://www.ons.gov.uk/peoplepopulationandcommunity/birthsdeathsandmarriages/deaths/methodologies/suicideratesintheukqmi'},"[{'href': 'https://www.ons.gov.uk/peoplepopulationandcommunity/birthsdeathsandmarriages/deaths/bulletins/suicidesintheunitedkingdom/latest', 'title': 'Suicides in England and Wales'}]",Annually,published,Suicide registrations in England and Wales by local authority,TRUE,,,,
12,"[{'email': 'pop.info@ons.gov.uk', 'name': 'Amanda Sharfman and Pamela Cobb', 'telephone': '+44 (0)1329 444661'}]","Sexual orientation in the UK from 2012 to 2020 by region.

Data source: Annual Population Survey, ONS
",sexual-orientation-by-region,"['gay', 'lesbian,bisexual,straight,LGB']","{'editions': {'href': 'https://api.beta.ons.gov.uk/v1/datasets/sexual-orientation-by-region/editions'}, 'latest_version': {'href': 'https://api.beta.ons.gov.uk/v1/datasets/sexual-orientation-by-region/editions/time-series/versions/2', 'id': '2'}, 'self': {'href': 'https://api.beta.ons.gov.uk/v1/datasets/sexual-orientation-by-region'}, 'taxonomy': {'href': 'https://api.beta.ons.gov.uk/v1/peoplepopulationandcommunity/culturalidentity/sexuality'}}",,To be announced,{'href': 'https://www.ons.gov.uk/peoplepopulationandcommunity/culturalidentity/sexuality/methodologies/sexualidentityukqmi'},"[{'href': 'https://www.ons.gov.uk/peoplepopulationandcommunity/culturalidentity/sexuality/datasets/sexualidentityuk', 'title': 'Sexual orientation, UK, dataset'}]",Annual,published,Sexual orientation by English regions and UK countries,,filterable,"[{'href': 'https://www.ons.gov.uk/peoplepopulationandcommunity/culturalidentity/sexuality/bulletins/sexualidentityuk/2020', 'title': 'Sexual orientation, UK'}]",Number of people (thousands) and percentage,
13,"[{'email': 'pop.info@ons.gov.uk', 'name': 'Amanda Sharfman and Pamela Cobb', 'telephone': '+44 (0)1329 444661'}]","Sexual orientation in the UK by sex and age, 2014 to 2020.

Source: Annual Population Survey, ONS",sexual-orientation-by-age-and-sex,,"{'editions': {'href': 'https://api.beta.ons.gov.uk/v1/datasets/sexual-orientation-by-age-and-sex/editions'}, 'latest_version': {'href': 'https://api.beta.ons.gov.uk/v1/datasets/sexual-orientation-by-age-and-sex/editions/time-series/versions/2', 'id': '2'}, 'self': {'href': 'https://api.beta.ons.gov.uk/v1/datasets/sexual-orientation-by-age-and-sex'}, 'taxonomy': {'href': 'https://api.beta.ons.gov.uk/v1/peoplepopulationandcommunity/culturalidentity/sexuality'}}",,To be announced,{'href': 'https://www.ons.gov.uk/peoplepopulationandcommunity/culturalidentity/sexuality/methodologies/sexualidentityukqmi'},"[{'href': 'https://www.ons.gov.uk/peoplepopulationandcommunity/culturalidentity/sexuality/datasets/sexualidentityuk', 'title': 'Sexual orientation, UK dataset'}]",Annual,published,Sexual orientation by age and sex,,filterable,"[{'href': 'https://www.ons.gov.uk/peoplepopulationandcommunity/culturalidentity/sexuality/bulletins/sexualidentityuk/2020', 'title': 'Sexual orientation, UK'}]",Number of people (thousands) and percentage,
14,"[{'email': 'retail.sales.enquiries@ons.gov.uk', 'name': 'Rhys Lewis', 'telephone': '+44 1633 455602'}]",Value and volume of retail sales broken down by size of business,retail-sales-index-large-and-small-businesses,"['RSI', 'internet sales,goods bought,buying,spending']","{'editions': {'href': 'https://api.beta.ons.gov.uk/v1/datasets/retail-sales-index-large-and-small-businesses/editions'}, 'latest_version': {'href': 'https://api.beta.ons.gov.uk/v1/datasets/retail-sales-index-large-and-small-businesses/editions/time-series/versions/5', 'id': '5'}, 'self': {'href': 'https://api.beta.ons.gov.uk/v1/datasets/retail-sales-index-large-and-small-businesses'}, 'taxonomy': {'href': 'https://api.beta.ons.gov.uk/v1/businessindustryandtrade/retailindustry'}}",,16-Sep-22,{'href': 'https://www.ons.gov.uk/businessindustryandtrade/retailindustry/methodologies/retailsalesindexrsiqmi'},,Monthly,published,Retail sales index - large and small businesses,,filterable,,2019=100,
15,"[{'email': 'retail.sales.enquiries@ons.gov.uk', 'name': 'Rhys Lewis', 'telephone': '+44 1633 455602'}]",Value and volume of retail sales for all businesses.,retail-sales-index-all-businesses,"['RSI', 'internet sales,goods bought,buying,spending']","{'editions': {'href': 'https://api.beta.ons.gov.uk/v1/datasets/retail-sales-index-all-businesses/editions'}, 'latest_version': {'href': 'https://api.beta.ons.gov.uk/v1/datasets/retail-sales-index-all-businesses/editions/time-series/versions/5', 'id': '5'}, 'self': {'href': 'https://api.beta.ons.gov.uk/v1/datasets/retail-sales-index-all-businesses'}, 'taxonomy': {'href': 'https://api.beta.ons.gov.uk/v1/businessindustryandtrade/retailindustry'}}",,16-Sep-22,{'href': 'https://www.ons.gov.uk/businessindustryandtrade/retailindustry/methodologies/retailsalesindexrsiqmi'},,Monthly,published,Retail sales index - all businesses,,filterable,,2019=100,
16,"[{'email': 'retail.sales.enquiries@ons.gov.uk', 'name': 'Rhys Lewis', 'telephone': '+44 1633 455602'}]","Retail sales data for Great Britain in value and volume terms, seasonally and non-seasonally adjusted.",retail-sales-index,"['RSI', 'internet sales,goods bought,buying,spending']","{'editions': {'href': 'https://api.beta.ons.gov.uk/v1/datasets/retail-sales-index/editions'}, 'latest_version': {'href': 'https://api.beta.ons.gov.uk/v1/datasets/retail-sales-index/editions/time-series/versions/5', 'id': '5'}, 'self': {'href': 'https://api.beta.ons.gov.uk/v1/datasets/retail-sales-index'}, 'taxonomy': {'href': 'https://api.beta.ons.gov.uk/v1/businessindustryandtrade/retailindustry'}}",,16-Sep-22,{'href': 'https://www.ons.gov.uk/businessindustryandtrade/retailindustry/methodologies/retailsalesindexrsiqmi'},,Monthly,published,Retail sales index,,filterable,,2019=100,
17,"[{'email': 'regionalgdp@ons.gov.uk', 'name': 'Laura Requena', 'telephone': '+44 (0)1633 456752'}]","Annual economic activity within England, Wales and the nine English regions (North East, North West, Yorkshire and the Humber, East Midlands, West Midlands, East of England, Greater London, South East, South West).",regional-gdp-by-year,['regional GDP'],"{'editions': {'href': 'https://api.beta.ons.gov.uk/v1/datasets/regional-gdp-by-year/editions'}, 'latest_version': {'href': 'https://api.beta.ons.gov.uk/v1/datasets/regional-gdp-by-year/editions/time-series/versions/4', 'id': '4'}, 'self': {'href': 'https://api.beta.ons.gov.uk/v1/datasets/regional-gdp-by-year'}, 'taxonomy': {'href': 'https://api.beta.ons.gov.uk/v1/economy/grossdomesticproductgdp'}}",,03-Aug-21,{'href': 'http://www.ons.gov.uk/economy/grossdomesticproductgdp/methodologies/introducinggdpforthecountriesoftheukandtheregionsofengland'},,Annual,published,"Annual GDP for England, Wales and the English regions",,,,,
18,"[{'email': 'regionalgdp@ons.gov.uk', 'name': 'Laura Requena', 'telephone': '+44 (0)1633 456752'}]","Quarterly economic activity within England, Wales and the nine English regions (North East, North West, Yorkshire and The Humber, East Midlands, West Midlands, East of England, London, South East, South West).",regional-gdp-by-quarter,['regional GDP'],"{'editions': {'href': 'https://api.beta.ons.gov.uk/v1/datasets/regional-gdp-by-quarter/editions'}, 'latest_version': {'href': 'https://api.beta.ons.gov.uk/v1/datasets/regional-gdp-by-quarter/editions/time-series/versions/4', 'id': '4'}, 'self': {'href': 'https://api.beta.ons.gov.uk/v1/datasets/regional-gdp-by-quarter'}, 'taxonomy': {'href': 'https://api.beta.ons.gov.uk/v1/economy/grossdomesticproductgdp'}}",,03-Aug-21,{'href': 'https://www.ons.gov.uk/economy/grossdomesticproductgdp/methodologies/introducinggdpforthecountriesoftheukandtheregionsofengland'},,Quarterly,published,"Quarterly GDP for England, Wales and the English regions",,,,,
19,"[{'email': 'pop.info@ons.gov.uk', 'name': 'Population Statistics Division', 'telephone': '+44 (0)1329 444661'}]","Projected indicators included are derived from the published 2018-based subnational population projections for England, Wales, Scotland and Northern Ireland up to the year 2043. The indicators are the projected sex ratio for those aged 65 years and over and the projected sex ratio for those aged 85 years and over. A sex ratio shows the number of males in the population for every 100 females.

This dataset has been produced by the Ageing Analysis Team for inclusion in the subnational ageing tool, which was published on July 20, 2020 (see link in Related datasets). The tool is interactive, and users can compare latest and projected measures of ageing for up to four different areas through selection on a map or from a drop-down menu. 

Note on data sources: England, Wales, Scotland and Northern Ireland independently publish subnational population projections and the data available here are a compilation of these datasets. The ONS publish national level data for the UK, England, Wales and England & Wales, which has been included. National level data for Scotland and Northern Ireland have been taken from their subnational population projections datasets.",projections-older-people-sex-ratios,,"{'editions': {'href': 'https://api.beta.ons.gov.uk/v1/datasets/projections-older-people-sex-ratios/editions'}, 'latest_version': {'href': 'https://api.beta.ons.gov.uk/v1/datasets/projections-older-people-sex-ratios/editions/time-series/versions/1', 'id': '1'}, 'self': {'href': 'https://api.beta.ons.gov.uk/v1/datasets/projections-older-people-sex-ratios'}, 'taxonomy': {'href': 'https://api.beta.ons.gov.uk/v1/peoplepopulationandcommunity/birthsdeathsandmarriages/ageing'}}","[{'href': 'https://www.nrscotland.gov.uk/files//statistics/population-projections/sub-national-pp-18/pop-proj-principal-18-methodology.pdf', 'title': 'Scotland Methodology Guide'}, {'href': 'https://gov.wales/population-and-household-statistics-technical-information', 'title': 'Wales technical information'}, {'href': 'https://www.nisra.gov.uk/sites/nisra.gov.uk/files/publications/SNPP18-Methodology.pdf', 'title': 'Northern Ireland methodology paper'}]",To be announced,{'href': 'https://www.ons.gov.uk/peoplepopulationandcommunity/populationandmigration/populationprojections/methodologies/subnationalpopulationprojectionsqmi'},"[{'href': 'https://www.ons.gov.uk/peoplepopulationandcommunity/populationandmigration/populationprojections/bulletins/subnationalpopulationprojectionsforengland/2018based', 'title': 'Subnational population projections for England: 2018-based'}, {'href': 'https://www.nrscotland.gov.uk/statistics-and-data/statistics/statistics-by-theme/population/population-projections/sub-national-population-projections/2018-based', 'title': 'Population Projections for Scottish Areas (2018-based)'}, {'href': 'https://gov.wales/subnational-population-projections-2018-based', 'title': 'Wales Subnational population projections (local authority): 2018-based'}, {'href': 'https://www.nisra.gov.uk/publications/2018-based-population-projections-areas-within-northern-ireland', 'title': '2018-based Population Projections for Areas within Northern Ireland'}, {'href': 'https://www.ons.gov.uk/peoplepopulationandcommunity/birthsdeathsandmarriages/ageing/articles/subnationalageingtool/2020-07-20', 'title': 'Subnational ageing tool'}]",Biennial,published,"Local authority ageing statistics, projected sex ratios for older people",,,,,
20,"[{'email': 'pop.info@ons.gov.uk', 'name': 'Population Statistics Division', 'telephone': '+44 (0)1329 444661'}]","Projected indicators included are derived from the published 2018-based household projections for England and 2018-based household projections for Scotland for the years 2018 up to 2043. The indicators are the percentage of one-person households, in which the householder is aged 65 years and over and the percentage of one-person households, in which the householder is aged 85 years and over. This dataset has been produced by the Ageing Analysis Team for inclusion in the subnational ageing tool, which was published on July 20, 2020 (see link in Related datasets). The tool is interactive, and users can compare latest and projected measures of ageing for up to four different areas through selection on a map or from a drop-down menu. Note on data availability: England, Wales, Scotland and Northern Ireland independently publish subnational household projections. Each country publishes a different set of age breakdowns and only England and Scotland provide the breakdowns required to calculate the indicators included above.",projections-older-people-in-single-households,,"{'editions': {'href': 'https://api.beta.ons.gov.uk/v1/datasets/projections-older-people-in-single-households/editions'}, 'latest_version': {'href': 'https://api.beta.ons.gov.uk/v1/datasets/projections-older-people-in-single-households/editions/time-series/versions/2', 'id': '2'}, 'self': {'href': 'https://api.beta.ons.gov.uk/v1/datasets/projections-older-people-in-single-households'}, 'taxonomy': {'href': 'https://api.beta.ons.gov.uk/v1/peoplepopulationandcommunity/birthsdeathsandmarriages/ageing'}}","[{'href': 'https://www.nrscotland.gov.uk/files/statistics/household-projections/18/household-proj-18-report.pdf', 'title': 'Household Projections for Scotland sources and methods (Section 8)'}, {'description': 'While there are many similarities in the methods used to produce household estimates and projections for the four countries of the UK, there are some important differences between the methods used and these affect the comparability of the results. The similarities between the methodologies mean that it is possible to broadly compare the results for the four countries. Although, users should be aware that any differences may be partly because of the different methods used to produce the projection results.', 'href': 'https://www.ons.gov.uk/peoplepopulationandcommunity/populationandmigration/populationprojections/methodologies/householdprojectionsacrosstheukuserguide', 'title': 'Household projections across the UK: user guide'}]",To be announced,{'href': 'https://www.ons.gov.uk/peoplepopulationandcommunity/populationandmigration/populationprojections/methodologies/householdprojectionsinenglandqmi'},"[{'href': 'https://www.ons.gov.uk/peoplepopulationandcommunity/populationandmigration/populationprojections/datasets/householdprojectionsforengland', 'title': 'Household projections in England: 2018-based'}, {'href': 'https://www.nrscotland.gov.uk/statistics-and-data/statistics/statistics-by-theme/households/household-projections/2018-based-household-projections', 'title': 'Household projections for Scotland, 2018 based'}, {'href': 'https://www.ons.gov.uk/peoplepopulationandcommunity/birthsdeathsandmarriages/ageing/articles/subnationalageingtool/2020-07-20', 'title': 'Subnational ageing tool'}]",Biennial,published,"Local authority ageing statistics, household projections for older people",,,,,
21,"[{'email': 'construction.statistics@ons.gov.uk', 'name': 'John Allcoat', 'telephone': '+44 1633 456344'}]","Monthly construction output for Great Britain at current price and chained volume measures, seasonally adjusted by public and private sector.",output-in-the-construction-industry,"['infrastructure', 'public housing,private housing,non–housing,repairs and maintenance']","{'editions': {'href': 'https://api.beta.ons.gov.uk/v1/datasets/output-in-the-construction-industry/editions'}, 'latest_version': {'href': 'https://api.beta.ons.gov.uk/v1/datasets/output-in-the-construction-industry/editions/time-series/versions/10', 'id': '10'}, 'self': {'href': 'https://api.beta.ons.gov.uk/v1/datasets/output-in-the-construction-industry'}, 'taxonomy': {'href': 'https://api.beta.ons.gov.uk/v1/businessindustryandtrade/constructionindustry'}}",,12-Oct-22,{'href': 'https://www.ons.gov.uk/businessindustryandtrade/constructionindustry/qmis/constructionoutputqmi'},,Monthly,published,Output in the construction industry,,filterable,"[{'href': 'https://www.ons.gov.uk/businessindustryandtrade/constructionindustry/bulletins/constructionoutputingreatbritain/latest', 'title': 'Construction Output in Great Britain'}]",,
22,"[{'email': 'vacancy.survey@ons.gov.uk', 'name': ""Emelia D'Silva-Parker"", 'telephone': '+44 1633 455120'}]",Experimental job advert indices covering the UK job market.,online-job-advert-estimates,,"{'editions': {'href': 'https://api.beta.ons.gov.uk/v1/datasets/online-job-advert-estimates/editions'}, 'latest_version': {'href': 'https://api.beta.ons.gov.uk/v1/datasets/online-job-advert-estimates/editions/feb-2020-index-by-category/versions/68', 'id': '68'}, 'self': {'href': 'https://api.beta.ons.gov.uk/v1/datasets/online-job-advert-estimates'}, 'taxonomy': {'href': 'https://api.beta.ons.gov.uk/v1/businessindustryandtrade/business/activitysizeandlocation'}}",,15-Sep-22,{'href': 'https://www.ons.gov.uk/peoplepopulationandcommunity/healthandsocialcare/conditionsanddiseases/methodologies/usingadzunadatatoderiveanindicatorofweeklyvacanciesexperimentalstatistics'},,Weekly,published,Faster Indicators - Online Job Advert Estimates,,,,,
23,"[{'email': 'pop.info@ons.gov.uk', 'name': 'Population Statistics Division', 'telephone': '+44 (0)1329 444661'}]","Both indicators included have been derived from the published 2019 mid-year population estimates for the UK, England, Wales, Scotland and Northern Ireland. These are sex ratios for people aged 65 years and over and 85 years and over. A sex ratio shows the number of males in the population for every 100 females.

This dataset has been produced by the Ageing Analysis Team for inclusion in a subnational ageing tool, which was published in July 2020. The tool enables users to compare latest and projected measures of ageing for up to four different areas through selection on a map or from a drop-down menu.",older-people-sex-ratios,"['ageing', 'population']","{'editions': {'href': 'https://api.beta.ons.gov.uk/v1/datasets/older-people-sex-ratios/editions'}, 'latest_version': {'href': 'https://api.beta.ons.gov.uk/v1/datasets/older-people-sex-ratios/editions/time-series/versions/1', 'id': '1'}, 'self': {'href': 'https://api.beta.ons.gov.uk/v1/datasets/older-people-sex-ratios'}, 'taxonomy': {'href': 'https://api.beta.ons.gov.uk/v1/peoplepopulationandcommunity/birthsdeathsandmarriages/ageing'}}",,01-Jun-21,{'href': 'https://www.ons.gov.uk/peoplepopulationandcommunity/populationandmigration/populationestimates/methodologies/annualmidyearpopulationestimatesqmi'},"[{'href': 'https://www.ons.gov.uk/peoplepopulationandcommunity/populationandmigration/populationestimates/datasets/populationestimatesforukenglandandwalesscotlandandnorthernireland', 'title': 'Estimates of the population for the UK, England and Wales, Scotland and Northern Ireland'}]",Annual,published,"Local authority ageing statistics, sex ratios for people aged 65 and over and 85 and over",,,,,
24,"[{'email': 'pop.info@ons.gov.uk', 'name': 'Population Statistics Division', 'telephone': '+44 (0)1329 444661'}]","Figures presented show the movement of older people between local authorities and regions. Both indicators included in this dataset have been derived from the published 2019 internal migration dataset for England and Wales. The numbers presented are the net number of people aged 65 years and over and 85 years and over entering/ leaving the local authority or region in the 12-month period stated.

This dataset has been produced by the Ageing Analysis Team for inclusion in a subnational ageing tool, which was published in July 2020. The tool is interactive, and users are able to compare latest and projected measures of ageing for up to four different areas through selection on a map or from a drop-down menu.",older-people-net-internal-migration,"['ageing', 'population']","{'editions': {'href': 'https://api.beta.ons.gov.uk/v1/datasets/older-people-net-internal-migration/editions'}, 'latest_version': {'href': 'https://api.beta.ons.gov.uk/v1/datasets/older-people-net-internal-migration/editions/time-series/versions/1', 'id': '1'}, 'self': {'href': 'https://api.beta.ons.gov.uk/v1/datasets/older-people-net-internal-migration'}, 'taxonomy': {'href': 'https://api.beta.ons.gov.uk/v1/peoplepopulationandcommunity/birthsdeathsandmarriages/ageing'}}",,01-Jun-21,{'href': 'https://www.ons.gov.uk/peoplepopulationandcommunity/populationandmigration/migrationwithintheuk/methodologies/internalmigrationestimatesqmi'},"[{'href': 'https://www.ons.gov.uk/peoplepopulationandcommunity/populationandmigration/migrationwithintheuk/datasets/internalmigrationlaandregionmovesandbysexandsingleyearofagetotals', 'title': 'Internal migration: by local authority and region, age and sex'}]",Annual,published,"Local authority ageing statistics, net internal migration people aged 65 and over and 85 and over",,,,,
25,"[{'email': 'pop.info@ons.gov.uk', 'name': 'Population Statistics Division', 'telephone': '+44 (0)1329 444661'}]","Indicators included are economic activity and employment rates for those aged 50-64 years, by country, region and local authority. Both economic activity and employment rates are displayed as percentages. These have been calculated from the ONS Annual Population Survey and have been extracted from NOMIS.

https://www.nomisweb.co.uk/

This dataset has been produced by the Ageing Analysis Team for inclusion in a subnational ageing tool, which will be published in July 2020. The tool will be interactive, and users will be able to compare latest and projected measures of ageing for up to four different areas through selection on a map or from a drop-down menu. 

Note on update frequency: NOMIS provide quarterly updates on both indicators. For consistency with other indicators presented in the subnational ageing tool, these will be updated on an annual basis.",older-people-economic-activity,"['ageing', 'population']","{'editions': {'href': 'https://api.beta.ons.gov.uk/v1/datasets/older-people-economic-activity/editions'}, 'latest_version': {'href': 'https://api.beta.ons.gov.uk/v1/datasets/older-people-economic-activity/editions/time-series/versions/1', 'id': '1'}, 'self': {'href': 'https://api.beta.ons.gov.uk/v1/datasets/older-people-economic-activity'}, 'taxonomy': {'href': 'https://api.beta.ons.gov.uk/v1/peoplepopulationandcommunity/birthsdeathsandmarriages/ageing'}}",,01-Jun-21,{'href': 'https://www.ons.gov.uk/employmentandlabourmarket/peopleinwork/employmentandemployeetypes/methodologies/annualpopulationsurveyapsqmi'},"[{'href': 'https://www.nomisweb.co.uk/', 'title': 'Link to NOMIS website'}]",Quarterly but updated on CMD annually,published,"Local authority ageing statistics, older people economic activity",,,,,
26,"[{'email': 'pop.info@ons.gov.uk', 'name': 'Neil Park', 'telephone': '+44 (0)1329 444661'}]","Estimates of the usual resident population for the UK as at 30 June of the reference year. Provided by administrative area, single year of age and sex.",mid-year-pop-est,['Population'],"{'editions': {'href': 'https://api.beta.ons.gov.uk/v1/datasets/mid-year-pop-est/editions'}, 'latest_version': {'href': 'https://api.beta.ons.gov.uk/v1/datasets/mid-year-pop-est/editions/mid-2019-april-2020-geography/versions/3', 'id': '3'}, 'self': {'href': 'https://api.beta.ons.gov.uk/v1/datasets/mid-year-pop-est'}, 'taxonomy': {'href': 'https://api.beta.ons.gov.uk/v1/peoplepopulationandcommunity/populationandmigration/populationestimates'}}",,Jun-22,{'href': 'https://www.ons.gov.uk/peoplepopulationandcommunity/populationandmigration/populationestimates/methodologies/midyearpopulationestimatesqmi'},"[{'href': 'https://www.ons.gov.uk/peoplepopulationandcommunity/populationandmigration/populationestimates/datasets/populationestimatesforukenglandandwalesscotlandandnorthernireland', 'title': 'Population Estimates for UK, England and Wales, Scotland and Northern Ireland'}]",Annually,published,"Population Estimates for UK, England and Wales, Scotland and Northern Ireland",TRUE,,"[{'href': 'https://www.ons.gov.uk/peoplepopulationandcommunity/populationandmigration/populationestimates/bulletins/annualmidyearpopulationestimates/latest', 'title': 'Population estimates for UK, England and Wales, Scotland and Northern Ireland'}]",Number of people,Open Government Licence v3.0
27,"[{'email': 'health.data@ons.gov.uk', 'name': 'Chris White', 'telephone': '+44 (0)1633 455865'}]",Subnational trends in the average number of years people will live beyond their current age measured by “period life expectancy”.,life-expectancy-by-local-authority,['life expectancy'],"{'editions': {'href': 'https://api.beta.ons.gov.uk/v1/datasets/life-expectancy-by-local-authority/editions'}, 'latest_version': {'href': 'https://api.beta.ons.gov.uk/v1/datasets/life-expectancy-by-local-authority/editions/time-series/versions/1', 'id': '1'}, 'self': {'href': 'https://api.beta.ons.gov.uk/v1/datasets/life-expectancy-by-local-authority'}, 'taxonomy': {'href': 'https://api.beta.ons.gov.uk/v1/peoplepopulationandcommunity/birthsdeathsandmarriages/lifeexpectancies'}}",,To be announced,{'href': 'https://www.ons.gov.uk/peoplepopulationandcommunity/healthandsocialcare/healthandlifeexpectancies/methodologies/healthstatelifeexpectanciesukqmi'},,Annual,published,Life Expectancy by Local Authority,,,"[{'href': 'https://www.ons.gov.uk/peoplepopulationandcommunity/healthandsocialcare/healthandlifeexpectancies/bulletins/lifeexpectancyforlocalareasoftheuk/between2001to2003and2017to2019', 'title': 'Life expectancy for local areas of the UK: between 2001 to 2003 and 2017 to 2019'}]",,
28,"[{'email': 'labour.market@ons.gov.uk', 'name': 'Debra Leaker', 'telephone': '+44 (0)1633 455400'}]","The LFS is a data source compiled from a survey of the UK population. It uses internationally recognised definitions of employment, unemployment and economic activity. It also captures other personal characteristics of household members over the age of 16 such as occupation, education and training. The LFS reflects only a sample of the total population. All cases are therefore weighted on the basis of sub-national population totals by age and sex to give estimates for the entire UK household population.

Labour Force Survey (LFS) responses have been reweighted for periods from January to March 2020 using updated HM Revenue and Customs (HMRC) Real Time Information (RTI) data. The non-response bias adjustment, previously implemented for England, Wales and Scotland data, has now also been applied to Northern Ireland data. Our Impact of reweighting on Labour Force Survey key indicators: 2022 article gives more information on the reweighting exercise.",labour-market,['labour market'],"{'editions': {'href': 'https://api.beta.ons.gov.uk/v1/datasets/labour-market/editions'}, 'latest_version': {'href': 'https://api.beta.ons.gov.uk/v1/datasets/labour-market/editions/PWT22/versions/4', 'id': '4'}, 'self': {'href': 'https://api.beta.ons.gov.uk/v1/datasets/labour-market'}, 'taxonomy': {'href': 'https://api.beta.ons.gov.uk/v1/employmentandlabourmarket/peopleinwork/labourproductivity'}}",,11-Oct-22,{'href': 'https://www.ons.gov.uk/employmentandlabourmarket/peopleinwork/employmentandemployeetypes/methodologies/labourforcesurveylfsqmi'},,Monthly,published,UK Labour Market,TRUE,,,,
29,"[{'email': 'hpi@ons.gov.uk', 'name': 'Ceri Lewis', 'telephone': '+44 (0)1633 456400'}]",An experimental price index tracking the prices paid for renting property from private landlords in the United Kingdom,index-private-housing-rental-prices,"['private renting', 'regions,IPHRP,rent,inflation']","{'editions': {'href': 'https://api.beta.ons.gov.uk/v1/datasets/index-private-housing-rental-prices/editions'}, 'latest_version': {'href': 'https://api.beta.ons.gov.uk/v1/datasets/index-private-housing-rental-prices/editions/time-series/versions/23', 'id': '23'}, 'self': {'href': 'https://api.beta.ons.gov.uk/v1/datasets/index-private-housing-rental-prices'}, 'taxonomy': {'href': 'https://api.beta.ons.gov.uk/v1/peoplepopulationandcommunity/housing'}}",,14-Sep-22,{'href': 'https://www.ons.gov.uk/economy/inflationandpriceindices/methodologies/indexofprivatehousingrentalpricesqmi'},,Monthly,published,Index of Private Housing Rental Prices,,,,,
30,"[{'email': 'hpi@ons.gov.uk', 'name': 'Ceri Lewis', 'telephone': '+44 (0)1633 456400'}]","Summary statistics for housing transactions by local authority in England and Wales, on an annual basis, updated quarterly using HM Land Registry Price Paid Data. Select values from the Year and Month dimensions for data for a 12-month period ending that month and year (e.g. selecting June and 2018 will return the twelve months to June 2018).",house-prices-local-authority,['house prices'],"{'editions': {'href': 'https://api.beta.ons.gov.uk/v1/datasets/house-prices-local-authority/editions'}, 'latest_version': {'href': 'https://api.beta.ons.gov.uk/v1/datasets/house-prices-local-authority/editions/time-series/versions/9', 'id': '9'}, 'self': {'href': 'https://api.beta.ons.gov.uk/v1/datasets/house-prices-local-authority'}, 'taxonomy': {'href': 'https://api.beta.ons.gov.uk/v1/peoplepopulationandcommunity/housing'}}",,Sep-22,{'href': 'https://www.ons.gov.uk/peoplepopulationandcommunity/housing/methodologies/housepricestatisticsforsmallareasqmi'},,Quarterly,published,House price statistics for small areas in England and Wales,,,,,
31,"[{'email': 'healthaccounts@ons.gov.uk', 'name': 'James Cooper', 'telephone': '+44 (0)1633 456551'}]","Healthcare expenditure statistics, produced to the international definitions of the System of Health Accounts 2011.

Subcategories may not sum to aggregates due to rounding.",health-accounts,,"{'editions': {'href': 'https://api.beta.ons.gov.uk/v1/datasets/health-accounts/editions'}, 'latest_version': {'href': 'https://api.beta.ons.gov.uk/v1/datasets/health-accounts/editions/time-series/versions/2', 'id': '2'}, 'self': {'href': 'https://api.beta.ons.gov.uk/v1/datasets/health-accounts'}, 'taxonomy': {'href': 'https://api.beta.ons.gov.uk/v1/peoplepopulationandcommunity/healthandsocialcare/healthcaresystem'}}","[{'href': 'http://www.oecd.org/els/health-systems/a-system-of-health-accounts-2011-9789264270985-en.htm', 'title': 'International Classification of Health Accounts (ICHA) codes'}]",To be announced,{'href': 'https://www.ons.gov.uk/peoplepopulationandcommunity/healthandsocialcare/healthcaresystem/methodologies/ukhealthaccountsqmi'},"[{'href': 'https://www.ons.gov.uk/peoplepopulationandcommunity/healthandsocialcare/healthcaresystem/datasets/healthaccountsreferencetables', 'title': 'UK Health Accounts reference tables'}]",Annual,published,Expenditure on healthcare: UK Health Accounts,,,"[{'href': 'https://www.ons.gov.uk/peoplepopulationandcommunity/healthandsocialcare/healthcaresystem/bulletins/ukhealthaccounts/2019', 'title': 'Healthcare expenditure, UK Health Accounts: 2019'}]",,
32,"[{'email': 'regionalaccounts@ons.gov.uk', 'name': 'Trevor Fenton', 'telephone': '+44 (0)1633 456083'}]","Gross value added (balanced) in current basic prices and as chained volume measures, with a breakdown by 24 industry sectors, for each local authority district, metropolitan district, London borough and Scottish Council area in the UK.",gva-by-industry-by-local-authority,,"{'editions': {'href': 'https://api.beta.ons.gov.uk/v1/datasets/gva-by-industry-by-local-authority/editions'}, 'latest_version': {'href': 'https://api.beta.ons.gov.uk/v1/datasets/gva-by-industry-by-local-authority/editions/time-series/versions/1', 'id': '1'}, 'self': {'href': 'https://api.beta.ons.gov.uk/v1/datasets/gva-by-industry-by-local-authority'}, 'taxonomy': {'href': 'https://api.beta.ons.gov.uk/v1/economy/grossvalueaddedgva'}}",,TBA,{'href': 'https://www.ons.gov.uk/economy/regionalaccounts/grossdisposablehouseholdincome/methodologies/regionalaccounts'},,Annual,published,GVA by industry by local authority,,filterable,,,
33,"[{'email': 'hie@ons.gov.uk', 'name': ""Jeena O'Neill"", 'telephone': '+44 (0)1633 456651'}]","The effects of direct and indirect taxation and benefits received in cash or kind on household income, across the generations and by age.

This data is estimated by combining multiple years of the Living Costs and Food Survey, from 1978 to financial year ending March 2020, with the exception of 1979, 1981 and 1984. All financial amounts are adjusted for inflation using the Consumer Prices Index including owner occupiers’ housing costs (CPIH) excluding Council Tax, to their financial year ending March 2018. For example, the mean disposable income for those aged 35 and born in the 1970’s (£35,497) is estimated by taking the average (in real terms) of the household disposable income for these people across the combined dataset.",generational-income,"['taxes', 'benefits,generational income']","{'editions': {'href': 'https://api.beta.ons.gov.uk/v1/datasets/generational-income/editions'}, 'latest_version': {'href': 'https://api.beta.ons.gov.uk/v1/datasets/generational-income/editions/time-series/versions/2', 'id': '2'}, 'self': {'href': 'https://api.beta.ons.gov.uk/v1/datasets/generational-income'}, 'taxonomy': {'href': 'https://api.beta.ons.gov.uk/v1/peoplepopulationandcommunity/personalandhouseholdfinances/incomeandwealth'}}",,To be announced,{'href': 'https://www.ons.gov.uk/peoplepopulationandcommunity/personalandhouseholdfinances/incomeandwealth/methodologies/theeffectsoftaxesandbenefitsonukhouseholdincome'},"[{'href': 'https://www.ons.gov.uk/peoplepopulationandcommunity/personalandhouseholdfinances/incomeandwealth/bulletins/theeffectsoftaxesandbenefitsonhouseholdincome/financialyearending2019', 'title': 'Generational income: The effects of taxes and benefits'}]",Annual,published,Generational income: The effects of taxes and benefits,,,,£ (Mean average amount),
34,"[{'email': 'gdp@ons.gov.uk', 'name': 'James Scruton', 'telephone': '+44 (0)1633 455284'}]","Gross domestic product (GDP) measures the value of goods and services produced in the UK. It estimates the size of and growth in the economy. This dataset also contains the Index of Services (monthly movements in output for the services industries) and the Index of Production (movements in the volume of production for the UK production industries: manufacturing, mining and quarrying, energy supply, and water and waste management). Figures are seasonally adjusted.",gdp-to-four-decimal-places,"['GDP', 'economy']","{'editions': {'href': 'https://api.beta.ons.gov.uk/v1/datasets/gdp-to-four-decimal-places/editions'}, 'latest_version': {'href': 'https://api.beta.ons.gov.uk/v1/datasets/gdp-to-four-decimal-places/editions/time-series/versions/23', 'id': '23'}, 'self': {'href': 'https://api.beta.ons.gov.uk/v1/datasets/gdp-to-four-decimal-places'}, 'taxonomy': {'href': 'https://api.beta.ons.gov.uk/v1/economy/grossdomesticproductgdp'}}",,12-Sep-22,{'href': 'https://www.ons.gov.uk/economy/grossdomesticproductgdp/methodologies/grossdomesticproductgdpqmi'},,Monthly,published,GDP monthly estimate (incorporating the Index of Services and Index of Production),,,,Index. Seasonally adjusted 2016=100,
35,"[{'email': 'regionalaccounts@ons.gov.uk', 'name': 'Trevor Fenton', 'telephone': '+44 (0)1633 456083'}]","Gross domestic product (GDP) in current market prices and as chained volume measures, plus GDP per capita, for each local authority district, metropolitan district, London borough and Scottish Council area in the UK.",gdp-by-local-authority,,"{'editions': {'href': 'https://api.beta.ons.gov.uk/v1/datasets/gdp-by-local-authority/editions'}, 'latest_version': {'href': 'https://api.beta.ons.gov.uk/v1/datasets/gdp-by-local-authority/editions/time-series/versions/2', 'id': '2'}, 'self': {'href': 'https://api.beta.ons.gov.uk/v1/datasets/gdp-by-local-authority'}, 'taxonomy': {'href': 'https://api.beta.ons.gov.uk/v1/economy/grossdomesticproductgdp'}}",,TBA,{'href': 'https://www.ons.gov.uk/economy/regionalaccounts/grossdisposablehouseholdincome/methodologies/regionalaccounts'},,,published,GDP by local authority,,filterable,,,
36,"[{'email': 'faster.indicators@ons.gov.uk', 'name': 'Chloe Gibbs'}]","These shipping indicators are based on counts of all vessels, and cargo and tanker vessels. As discussed in Faster indicators of UK economic activity: shipping (please see the related links), we expect the shipping indicators to be related to the import and export of goods.",faster-indicators-shipping-data,"['shipping', 'faster indicators']","{'editions': {'href': 'https://api.beta.ons.gov.uk/v1/datasets/faster-indicators-shipping-data/editions'}, 'latest_version': {'href': 'https://api.beta.ons.gov.uk/v1/datasets/faster-indicators-shipping-data/editions/time-series/versions/84', 'id': '84'}, 'self': {'href': 'https://api.beta.ons.gov.uk/v1/datasets/faster-indicators-shipping-data'}, 'taxonomy': {'href': 'https://api.beta.ons.gov.uk/v1/businessindustryandtrade/business/activitysizeandlocation'}}",,15-Sep-22,{'href': 'https://datasciencecampus.ons.gov.uk/projects/faster-indicators-of-uk-economic-activity-shipping/'},"[{'href': 'https://www.ons.gov.uk/peoplepopulationandcommunity/healthandsocialcare/conditionsanddiseases/bulletins/coronavirustheukeconomyandsocietyfasterindicators/latest', 'title': 'Coronavirus and the latest indicators for the UK economy and society'}]",Weekly,published,Coronavirus and the latest indicators for the UK economy and society: Shipping indicators,,,"[{'href': 'https://datasciencecampus.ons.gov.uk/projects/faster-indicators-of-uk-economic-activity-shipping/', 'title': 'Faster indicators of UK economic activity: shipping'}]",,
37,"[{'email': 'cpi@ons.gov.uk', 'name': 'Chris Payne and Philip Gooding', 'telephone': '+44 (0)1633 456900'}]","CPIH is the most comprehensive measure of inflation. It extends CPI to include a measure of the costs associated with owning, maintaining and living in one's own home, known as owner occupiers' housing costs (OOH), along with council tax. This dataset provides CPIH time series (2005 to latest published month), allowing users to customise their own selection, view or download.",cpih01,['Inflation'],"{'editions': {'href': 'https://api.beta.ons.gov.uk/v1/datasets/cpih01/editions'}, 'latest_version': {'href': 'https://api.beta.ons.gov.uk/v1/datasets/cpih01/editions/time-series/versions/25', 'id': '25'}, 'self': {'href': 'https://api.beta.ons.gov.uk/v1/datasets/cpih01'}, 'taxonomy': {'href': 'https://api.beta.ons.gov.uk/v1/economy/inflationandpriceindices'}}","[{'href': 'https://www.ons.gov.uk/economy/inflationandpriceindices/methodologies/consumerpricesindicestechnicalmanual2019', 'title': 'Consumer Price Indices Technical Manual 2019 Edition'}, {'description': 'From the release of January consumer price inflation data on 16 February 2016, CPI and CPIH indices will be re-referenced and published with 2015=100.', 'href': 'https://www.ons.gov.uk/file?uri=/economy/inflationandpriceindices/datasets/consumerpriceinflation/current/cpirereferenceddata2015100tcm77432809.xls', 'title': 'Re-referencing of the CPI and CPIH indices to 2015=100'}, {'description': 'Provides information on the characteristics of the different measures of consumer price inflation in relation to potential use.', 'href': 'https://www.ons.gov.uk/economy/inflationandpriceindices/methodologies/usersandusesofconsumerpriceinflationstatistics', 'title': 'Users and uses of consumer price inflation statistics'}]",14-Sep-22,{'href': 'https://www.ons.gov.uk/economy/inflationandpriceindices/methodologies/consumerpriceinflationincludesall3indicescpihcpiandrpiqmi'},"[{'href': 'https://www.ons.gov.uk/economy/inflationandpriceindices/datasets/consumerpriceinflation', 'title': 'Consumer price inflation'}]",Monthly,published,Consumer Prices Index including owner occupiers' housing costs (CPIH),TRUE,,"[{'href': 'https://www.ons.gov.uk/economy/inflationandpriceindices/bulletins/consumerpriceinflation/latest', 'title': 'UK consumer price inflation'}]",Index: 2015=100,Open Government Licence v3.0
38,"[{'email': 'ellie.osborn@ons.gov.uk', 'name': 'Ellie Osborn', 'telephone': '+44 (0)1633 651830'}]","How children aged 0 to 15 years in the UK are coping in a range of areas that matter to their quality of life, reflecting the circumstances of their lives and their own perspectives.

This is a subset of the children's well-being indicators. For the full dataset, please see 'Children's well-being and social relationships, UK: 2018' in the 'Related datasets' section.",childrens-wellbeing,"[""children's well-being"", 'well-being']","{'editions': {'href': 'https://api.beta.ons.gov.uk/v1/datasets/childrens-wellbeing/editions'}, 'latest_version': {'href': 'https://api.beta.ons.gov.uk/v1/datasets/childrens-wellbeing/editions/time-series/versions/1', 'id': '1'}, 'self': {'href': 'https://api.beta.ons.gov.uk/v1/datasets/childrens-wellbeing'}, 'taxonomy': {'href': 'https://api.beta.ons.gov.uk/v1/peoplepopulationandcommunity/wellbeing'}}","[{'href': 'https://www.childrenssociety.org.uk', 'title': ""Source: The Children's Society""}, {'description': 'Please use this link for more information on Government Statistical Service (GSS) harmonised well-being questions.', 'href': 'https://gss.civilservice.gov.uk/policy-store/personal-well-being/', 'title': 'Personal well-being - GSS'}]",To be announced,{},"[{'href': 'https://www.ons.gov.uk/peoplepopulationandcommunity/wellbeing/articles/measuringnationalwellbeing/march2018', 'title': 'Children’s well-being and social relationships, UK: 2018'}, {'href': 'https://www.ons.gov.uk/peoplepopulationandcommunity/wellbeing/articles/measuringnationalwellbeing/internationalcomparisons2019', 'title': 'Measuring national well-being in the UK: international comparisons, 2019'}]",To be announced,published,Children's Well-being Measures,,,,,
39,"[{'email': 'earnings@ons.gov.uk', 'name': 'Nicola White', 'telephone': '+44 (0)1633 45 6120'}]","Annual estimates of paid hours worked and earnings for UK employees by sex, and full-time and part-time, by home and work-based Parliamentary constituency. Hourly and weekly estimates are provided for the pay period that included a specified date in April. They relate to employees on adult rates of pay, whose earnings for the survey pay period were not affected by absence. Estimates for 2020 and 2021 include employees who have been furloughed under the Coronavirus Job Retention Scheme (CJRS). Annual estimates are provided for the tax year that ended on 5th April in the reference year. They relate to employees on adult rates of pay who have been in the same job for more than a year.",ashe-tables-9-and-10,"['ASHE', 'pay,earnings,hours']","{'editions': {'href': 'https://api.beta.ons.gov.uk/v1/datasets/ashe-tables-9-and-10/editions'}, 'latest_version': {'href': 'https://api.beta.ons.gov.uk/v1/datasets/ashe-tables-9-and-10/editions/time-series/versions/3', 'id': '3'}, 'self': {'href': 'https://api.beta.ons.gov.uk/v1/datasets/ashe-tables-9-and-10'}, 'taxonomy': {'href': 'https://api.beta.ons.gov.uk/v1/employmentandlabourmarket/peopleinwork/earningsandworkinghours'}}",,To be announced,{'href': 'https://www.ons.gov.uk/employmentandlabourmarket/peopleinwork/earningsandworkinghours/methodologies/annualsurveyofhoursandearningslowpayandannualsurveyofhoursandearningspensionresultsqmi'},,Annual,published,"Earnings and hours worked, place of work and place of residence by Parliamentary constituency: ASHE Tables 9 and 10",TRUE,,"[{'href': 'https://www.ons.gov.uk/employmentandlabourmarket/peopleinwork/earningsandworkinghours/bulletins/annualsurveyofhoursandearnings/2019', 'title': 'Employee earnings in the UK'}]",,
40,"[{'email': 'earnings@ons.gov.uk', 'name': 'Nicola White', 'telephone': '+44 (0)1633 456120'}]","Annual estimates of paid hours worked and earnings for UK employees by sex, and full-time and part-time, by work-based and residence-based region to local and unitary authority level. Hourly and weekly estimates are provided for the pay period that included a specified date in April. They relate to employees on adult rates of pay, whose earnings for the survey pay period were not affected by absence. Estimates for 2020 and 2021 include employees who have been furloughed under the Coronavirus Job Retention Scheme (CJRS). Annual estimates are provided for the tax year that ended on 5th April in the reference year. They relate to employees on adult rates of pay who have been in the same job for more than a year.",ashe-tables-7-and-8,"['ASHE', 'pay']","{'editions': {'href': 'https://api.beta.ons.gov.uk/v1/datasets/ashe-tables-7-and-8/editions'}, 'latest_version': {'href': 'https://api.beta.ons.gov.uk/v1/datasets/ashe-tables-7-and-8/editions/2021/versions/1', 'id': '1'}, 'self': {'href': 'https://api.beta.ons.gov.uk/v1/datasets/ashe-tables-7-and-8'}, 'taxonomy': {'href': 'https://api.beta.ons.gov.uk/v1/employmentandlabourmarket/peopleinwork/earningsandworkinghours'}}",,To be announced,{'href': 'https://www.ons.gov.uk/employmentandlabourmarket/peopleinwork/earningsandworkinghours/methodologies/annualsurveyofhoursandearningslowpayandannualsurveyofhoursandearningspensionresultsqmi'},,Annual,published,"Earnings and hours worked, place of work and residence by local authority: ASHE Tables 7 and 8 ",TRUE,,"[{'href': 'https://www.ons.gov.uk/releases/employeeearningsintheuk2019', 'title': 'Employee earnings in the UK'}]",,
41,"[{'email': 'earnings@ons.gov.uk', 'name': 'Nicola White', 'telephone': '+44(0)1633 45 6120'}]","Annual estimates of paid hours worked and earnings for UK employees by sex, and full-time and part-time, by region and two-digit Standard Occupational Classification 2010. Hourly and weekly estimates are provided for the pay period that included a specified date in April. They relate to employees on adult rates of pay, whose earnings for the survey pay period were not affected by absence. Estimates for 2020 and 2021 include employees who have been furloughed under the Coronavirus Job Retention Scheme (CJRS). Annual estimates are provided for the tax year that ended on 5th April in the reference year. They relate to employees on adult rates of pay who have been in the same job for more than a year.",ashe-tables-3,"['ASHE', 'pay']","{'editions': {'href': 'https://api.beta.ons.gov.uk/v1/datasets/ashe-tables-3/editions'}, 'latest_version': {'href': 'https://api.beta.ons.gov.uk/v1/datasets/ashe-tables-3/editions/time-series/versions/3', 'id': '3'}, 'self': {'href': 'https://api.beta.ons.gov.uk/v1/datasets/ashe-tables-3'}, 'taxonomy': {'href': 'https://api.beta.ons.gov.uk/v1/employmentandlabourmarket/peopleinwork/earningsandworkinghours'}}",,To be announced,{'href': 'https://www.ons.gov.uk/employmentandlabourmarket/peopleinwork/earningsandworkinghours/methodologies/annualsurveyofhoursandearningslowpayandannualsurveyofhoursandearningspensionresultsqmi'},,Annual,published,"Earnings and hours worked, region by occupation by two-digit SOC: ASHE Table 3",TRUE,,"[{'href': 'https://www.ons.gov.uk/employmentandlabourmarket/peopleinwork/earningsandworkinghours/bulletins/annualsurveyofhoursandearnings/latest', 'title': 'Employee earnings in the UK'}]",,
42,"[{'email': 'earnings@ons.gov.uk', 'name': 'Nicola White', 'telephone': '+44 (0)1633 456120'}]","Annual estimates of paid hours worked and earnings for UK employees by sex, and full-time and part-time, by work-based and home-based local enterprise partnerships. Hourly and weekly estimates are provided for the pay period that included a specified date in April. They relate to employees on adult rates of pay, whose earnings for the survey pay period were not affected by absence. Estimates for 2020 and 2021 include employees who have been furloughed under the Coronavirus Job Retention Scheme (CJRS). Annual estimates are provided for the tax year that ended on 5th April in the reference year. They relate to employees on adult rates of pay who have been in the same job for more than a year.",ashe-tables-27-and-28,,"{'editions': {'href': 'https://api.beta.ons.gov.uk/v1/datasets/ashe-tables-27-and-28/editions'}, 'latest_version': {'href': 'https://api.beta.ons.gov.uk/v1/datasets/ashe-tables-27-and-28/editions/2021/versions/1', 'id': '1'}, 'self': {'href': 'https://api.beta.ons.gov.uk/v1/datasets/ashe-tables-27-and-28'}, 'taxonomy': {'href': 'https://api.beta.ons.gov.uk/v1/employmentandlabourmarket/peopleinwork/earningsandworkinghours'}}",,To be announced,{'href': 'https://www.ons.gov.uk/employmentandlabourmarket/peopleinwork/earningsandworkinghours/methodologies/annualsurveyofhoursandearningslowpayandannualsurveyofhoursandearningspensionresultsqmi'},,Annual,published,"Earnings and hours worked, place of work and place of residence by local enterprise partnerships: ASHE Tables 27 and 28",TRUE,,"[{'href': 'https://www.ons.gov.uk/employmentandlabourmarket/peopleinwork/earningsandworkinghours/bulletins/annualsurveyofhoursandearnings/latest', 'title': 'Employee earnings in the UK'}]",,
43,"[{'email': 'earnings@ons.gov.uk', 'name': 'Nicola White', 'telephone': '+44 (0)1633 456120'}]","Annual estimates of paid hours worked and earnings for UK employees by sex, and full-time and part-time, for care workers, home carers and senior care workers as defined in the Standard Occupational Classification. Hourly and weekly estimates are provided for the pay period that included a specified date in April. They relate to employees on adult rates of pay, whose earnings for the survey pay period were not affected by absence. Estimates for 2020 and 2021 include employees who have been furloughed under the Coronavirus Job Retention Scheme (CJRS). Annual estimates are provided for the tax year that ended on 5th April in the reference year. They relate to employees on adult rates of pay who have been in the same job for more than a year.",ashe-tables-26,"['ASHE', 'pay']","{'editions': {'href': 'https://api.beta.ons.gov.uk/v1/datasets/ashe-tables-26/editions'}, 'latest_version': {'href': 'https://api.beta.ons.gov.uk/v1/datasets/ashe-tables-26/editions/time-series/versions/3', 'id': '3'}, 'self': {'href': 'https://api.beta.ons.gov.uk/v1/datasets/ashe-tables-26'}, 'taxonomy': {'href': 'https://api.beta.ons.gov.uk/v1/employmentandlabourmarket/peopleinwork/earningsandworkinghours'}}",,To be announced,{'href': 'https://www.ons.gov.uk/employmentandlabourmarket/peopleinwork/earningsandworkinghours/methodologies/annualsurveyofhoursandearningslowpayandannualsurveyofhoursandearningspensionresultsqmi'},,Annual,published,"Earnings and hours worked, care workers: ASHE Table 26",TRUE,,"[{'href': 'https://www.ons.gov.uk/employmentandlabourmarket/peopleinwork/earningsandworkinghours/bulletins/annualsurveyofhoursandearnings/latest', 'title': 'Employee earnings in the UK'}]",,
44,"[{'email': 'earnings@ons.gov.uk', 'name': 'Nicola White', 'telephone': '+44 (0)1633 456120'}]","Annual estimates of paid hours worked and earnings for UK employees by sex, and full-time and part-time, by region, and public and private sector, and non-profit bodies and mutual associations. Hourly and weekly estimates are provided for the pay period that included a specified date in April. They relate to employees on adult rates of pay, whose earnings for the survey pay period were not affected by absence. Estimates for 2020 and 2021 include employees who have been furloughed under the Coronavirus Job Retention Scheme (CJRS). Annual estimates are provided for the tax year that ended on 5th April in the reference year. They relate to employees on adult rates of pay who have been in the same job for more than a year.",ashe-tables-25,"['ASHE', 'pay,earnings']","{'editions': {'href': 'https://api.beta.ons.gov.uk/v1/datasets/ashe-tables-25/editions'}, 'latest_version': {'href': 'https://api.beta.ons.gov.uk/v1/datasets/ashe-tables-25/editions/time-series/versions/3', 'id': '3'}, 'self': {'href': 'https://api.beta.ons.gov.uk/v1/datasets/ashe-tables-25'}, 'taxonomy': {'href': 'https://api.beta.ons.gov.uk/v1/employmentandlabourmarket/peopleinwork/earningsandworkinghours'}}",,To be announced,{'href': 'https://www.ons.gov.uk/employmentandlabourmarket/peopleinwork/earningsandworkinghours/methodologies/annualsurveyofhoursandearningslowpayandannualsurveyofhoursandearningspensionresultsqmi'},,Annual,published,"Earnings and hours worked, UK region by public and private sector: ASHE Table 25",TRUE,,"[{'href': 'https://www.ons.gov.uk/employmentandlabourmarket/peopleinwork/earningsandworkinghours/bulletins/annualsurveyofhoursandearnings/latest', 'title': 'Employee earnings in the UK'}]",,
45,"[{'email': 'earnings@ons.gov.uk', 'name': 'Nicola White', 'telephone': '+44 (0)1633 456120'}]","Annual estimates of paid hours worked and earnings for UK employees by sex, and full-time and part-time, by age group and two-digit Standard Occupational Classification 2010. Hourly and weekly estimates are provided for the pay period that included a specified date in April. They relate to employees on adult rates of pay, whose earnings for the survey pay period were not affected by absence. Estimates for 2020 and 2021 include employees who have been furloughed under the Coronavirus Job Retention Scheme (CJRS). Annual estimates are provided for the tax year that ended on 5th April in the reference year. They relate to employees on adult rates of pay who have been in the same job for more than a year.",ashe-tables-20,"['ASHE', 'pay,earnings']","{'editions': {'href': 'https://api.beta.ons.gov.uk/v1/datasets/ashe-tables-20/editions'}, 'latest_version': {'href': 'https://api.beta.ons.gov.uk/v1/datasets/ashe-tables-20/editions/time-series/versions/3', 'id': '3'}, 'self': {'href': 'https://api.beta.ons.gov.uk/v1/datasets/ashe-tables-20'}, 'taxonomy': {'href': 'https://api.beta.ons.gov.uk/v1/employmentandlabourmarket/peopleinwork/earningsandworkinghours'}}",,To be announced,{'href': 'https://www.ons.gov.uk/employmentandlabourmarket/peopleinwork/earningsandworkinghours/methodologies/annualsurveyofhoursandearningslowpayandannualsurveyofhoursandearningspensionresultsqmi'},,Annual,published,"Earnings and hours worked, age group by occupation by two-digit SOC: ASHE Table 20",TRUE,,"[{'href': 'https://www.ons.gov.uk/employmentandlabourmarket/peopleinwork/earningsandworkinghours/bulletins/annualsurveyofhoursandearnings/latest', 'title': 'Employee earnings in the UK'}]",,
46,"[{'email': 'earnings@ons.gov.uk', 'name': 'Nicola White', 'telephone': '+44 (0)1633 45 6120'}]","Annual estimates of paid hours worked and earnings for UK employees by sex, and full-time and part-time, by home-based and work-based travel to work area. Hourly and weekly estimates are provided for the pay period that included a specified date in April. They relate to employees on adult rates of pay, whose earnings for the survey pay period were not affected by absence. Estimates for 2020 and 2021 include employees who have been furloughed under the Coronavirus Job Retention Scheme (CJRS). Annual estimates are provided for the tax year that ended on 5th April in the reference year. They relate to employees on adult rates of pay who have been in the same job for more than a year.",ashe-tables-11-and-12,"['ASHE', 'pay,wages,income,comparison of earnings']","{'editions': {'href': 'https://api.beta.ons.gov.uk/v1/datasets/ashe-tables-11-and-12/editions'}, 'latest_version': {'href': 'https://api.beta.ons.gov.uk/v1/datasets/ashe-tables-11-and-12/editions/time-series/versions/2', 'id': '2'}, 'self': {'href': 'https://api.beta.ons.gov.uk/v1/datasets/ashe-tables-11-and-12'}, 'taxonomy': {'href': 'https://api.beta.ons.gov.uk/v1/employmentandlabourmarket/peopleinwork/earningsandworkinghours'}}",,To be announced,{'href': 'https://www.ons.gov.uk/employmentandlabourmarket/peopleinwork/earningsandworkinghours/methodologies/annualsurveyofhoursandearningslowpayandannualsurveyofhoursandearningspensionresultsqmi'},,Annual,published,"Earnings and Hours Worked, Work and Residence-Based Travel to Work Area: ASHE Tables 11 and 12",TRUE,,"[{'href': 'https://www.ons.gov.uk/employmentandlabourmarket/peopleinwork/earningsandworkinghours/bulletins/annualsurveyofhoursandearnings/2019', 'title': 'Employee earnings in the UK'}]",,
47,"[{'email': 'earnings@ons.gov.uk', 'name': 'Nicola White', 'telephone': '+44 (0)1633 45 6120'}]","Annual estimates of paid hours worked and earnings for UK employees by sex, and full-time and part-time, by region, and public and private sector, and non-profit bodies and mutual associations. Hourly and weekly estimates are provided for the pay period that included a specified date in April. They relate to employees on adult rates of pay, whose earnings for the survey pay period were not affected by absence. Estimates for 2020 and 2021 include employees who have been furloughed under the Coronavirus Job Retention Scheme (CJRS). Annual estimates are provided for the tax year that ended on 5th April in the reference year. They relate to employees on adult rates of pay who have been in the same job for more than a year.",ashe-table-5,"['ASHE', 'pay,wages,income,comparison of earnings']","{'editions': {'href': 'https://api.beta.ons.gov.uk/v1/datasets/ashe-table-5/editions'}, 'latest_version': {'href': 'https://api.beta.ons.gov.uk/v1/datasets/ashe-table-5/editions/time-series/versions/3', 'id': '3'}, 'self': {'href': 'https://api.beta.ons.gov.uk/v1/datasets/ashe-table-5'}, 'taxonomy': {'href': 'https://api.beta.ons.gov.uk/v1/employmentandlabourmarket/peopleinwork/earningsandworkinghours'}}",,To be announced,{'href': 'https://www.ons.gov.uk/employmentandlabourmarket/peopleinwork/earningsandworkinghours/methodologies/annualsurveyofhoursandearningslowpayandannualsurveyofhoursandearningspensionresultsqmi'},"[{'href': 'https://www.ons.gov.uk/employmentandlabourmarket/peopleinwork/earningsandworkinghours/bulletins/annualsurveyofhoursandearnings/2019', 'title': 'Employee earnings in the UK'}]",Annual,published,"Earnings and Hours Worked, UK Region by Industry by Two-Digit SIC: ASHE Table 5",TRUE,,,,
48,"[{'email': 'pop.info@ons.gov.uk', 'name': 'Population Statistics Division', 'telephone': '+44 (0)1329 444661'}]","Projected indicators included are derived from the published 2018-based subnational population projections for England, Wales, Scotland and Northern Ireland up to the year 2043. The indicators are the projected percentage of the population aged 65 years and over, 85 years and over, 0 to 15 years, 16 to 64 years, 16 years to State Pension age, State Pension age and over, median age and the Old Age Dependency Ratio (the number of people of State Pension age per 1000 of those aged 16 years to below State Pension age). 

This dataset has been produced by the Ageing Analysis Team for inclusion in the subnational ageing tool, which was published on July 20, 2020 (see link in Related datasets). The tool is interactive, and users can compare latest and projected measures of ageing for up to four different areas through selection on a map or from a drop-down menu. 

Note on data sources: England, Wales, Scotland and Northern Ireland independently publish subnational population projections and the data available here are a compilation of these datasets. The ONS publish national level data for the UK, England, Wales and England & Wales, which has been included. National level data for Scotland and Northern Ireland have been taken from their subnational population projections datasets.",ageing-population-projections,"['ageing', 'projections', 'population']","{'editions': {'href': 'https://api.beta.ons.gov.uk/v1/datasets/ageing-population-projections/editions'}, 'latest_version': {'href': 'https://api.beta.ons.gov.uk/v1/datasets/ageing-population-projections/editions/time-series/versions/1', 'id': '1'}, 'self': {'href': 'https://api.beta.ons.gov.uk/v1/datasets/ageing-population-projections'}, 'taxonomy': {'href': 'https://api.beta.ons.gov.uk/v1/peoplepopulationandcommunity/birthsdeathsandmarriages/ageing'}}","[{'href': 'https://www.nrscotland.gov.uk/files//statistics/population-projections/sub-national-pp-18/pop-proj-principal-18-methodology.pdf', 'title': 'Scotland Methodology Guide'}, {'href': 'https://gov.wales/population-and-household-statistics-technical-information', 'title': 'Wales technical information'}, {'href': 'https://www.nisra.gov.uk/sites/nisra.gov.uk/files/publications/SNPP18-Methodology.pdf', 'title': 'Northern Ireland methodology paper'}]",To be announced,{'href': 'https://www.ons.gov.uk/peoplepopulationandcommunity/populationandmigration/populationprojections/methodologies/subnationalpopulationprojectionsqmi'},"[{'href': 'https://www.ons.gov.uk/peoplepopulationandcommunity/populationandmigration/populationprojections/bulletins/subnationalpopulationprojectionsforengland/2018based', 'title': 'Subnational population projections for England: 2018-based'}, {'href': 'https://www.nrscotland.gov.uk/statistics-and-data/statistics/statistics-by-theme/population/population-projections/sub-national-population-projections/2018-based', 'title': 'Population Projections for Scottish Areas (2018-based)'}, {'href': 'https://gov.wales/subnational-population-projections-2018-based', 'title': 'Wales subnational population projections (local authority): 2018-based'}, {'href': 'https://www.nisra.gov.uk/publications/2018-based-population-projections-areas-within-northern-ireland', 'title': '2018-based Population Projections for Areas within Northern Ireland'}, {'href': 'https://www.ons.gov.uk/peoplepopulationandcommunity/birthsdeathsandmarriages/ageing/articles/subnationalageingtool/2020-07-20', 'title': 'Subnational ageing tool'}]",Biennial,published,"Local authority ageing statistics, population projections for older people",,,,,
49,"[{'email': '+44 (0)1329 444661', 'name': 'Population Statistics Division', 'telephone': 'pop.info@ons.gov.uk'}]","Indicators included have been derived from the published 2019 mid-year population estimates for the UK, England, Wales, Scotland and Northern Ireland. These are the number of persons and percentage of the population aged 65 years and over, 85 years and over, 0 to 15 years, 16 to 64 years, 16 years to State Pension age, State Pension age and over, median age and the Old Age Dependency Ratio (the number of people of State Pension age per 1000 of those aged 16 years to below State Pension age).

This dataset has been produced by the Ageing Analysis Team for inclusion in a subnational ageing tool, which was published in July 2020. The tool enables users to compare latest and projected measures of ageing for up to four different areas through selection on a map or from a drop-down menu.",ageing-population-estimates,"['ageing', 'population']","{'editions': {'href': 'https://api.beta.ons.gov.uk/v1/datasets/ageing-population-estimates/editions'}, 'latest_version': {'href': 'https://api.beta.ons.gov.uk/v1/datasets/ageing-population-estimates/editions/time-series/versions/1', 'id': '1'}, 'self': {'href': 'https://api.beta.ons.gov.uk/v1/datasets/ageing-population-estimates'}, 'taxonomy': {'href': 'https://api.beta.ons.gov.uk/v1/peoplepopulationandcommunity/birthsdeathsandmarriages/ageing'}}",,01-Jun-21,{'href': 'https://www.ons.gov.uk/peoplepopulationandcommunity/populationandmigration/populationestimates/methodologies/annualmidyearpopulationestimatesqmi'},"[{'href': 'https://www.ons.gov.uk/peoplepopulationandcommunity/populationandmigration/populationestimates/datasets/populationestimatesforukenglandandwalesscotlandandnorthernireland', 'title': 'Estimates of the population for the UK, England and Wales, Scotland and Northern Ireland'}]",Annual,published,"Local authority ageing statistics, based on annual mid-year population estimates",,,,,
